2021/11/26 14:45,54903.12,55015.21,54894.46,54943.44,1.15184948
2021/11/26 15:00,54943.44,54947.27,54676.14,54947.27,0.015
2021/11/26 15:15,54947.27,54947.27,54752.51,54752.51,0.666
2021/11/26 15:30,54752.51,54752.51,54558.78,54697.05,0.63269603
2021/11/26 15:45,54697.05,54702.35,54679.03,54702.35,0.465
2021/11/26 16:00,54673.13,54673.13,54399.65,54429.49,8.79581781
2021/11/26 16:15,54417.73,54457.16,54230.65,54285.42,13.15778499
2021/11/26 16:30,54285.42,54397.36,54113.6,54397.36,9.56104905
2021/11/26 16:45,54438.57,54615.71,54438.57,54495.48,1.23155441
2021/11/26 17:00,54550.25,54694.04,54475.55,54475.55,0.103
2021/11/26 17:15,54473.79,54548.76,54433.52,54548.76,0.07309361
2021/11/26 17:30,54646.26,54646.26,54297.28,54413.84,2.36903817
2021/11/26 17:45,54424.58,54701.78,54420.81,54649.57,2.33825087
2021/11/26 18:00,54637.03,54637.03,54351.3,54387.47,7.1742681
2021/11/26 18:15,54387.47,54387.47,54221.28,54325.94,3.69439033
2021/11/26 18:30,54357.27,54357.27,54141.73,54141.73,1.18179372
2021/11/26 18:45,54113.6,54378.41,54073.21,54378.41,0.67329236
2021/11/26 19:00,54350.32,54394.63,54245.07,54264,1.2773
2021/11/26 19:15,54221.51,54226.93,54190.8,54190.8,0.0333
2021/11/26 19:30,54319.98,54373.2,54319.98,54373.2,0.55349868
2021/11/26 19:45,54410.64,54410.64,54410.64,54410.64,0.024
2021/11/26 20:00,54427.41,54427.41,54427.41,54427.41,0.03
2021/11/26 20:15,54400.16,54400.16,54276.43,54304.79,9.58065721
2021/11/26 20:30,54328.63,54436.06,54270.63,54436.05,7.93797512
2021/11/26 20:45,54483.7,54483.7,54344.88,54351.09,3.7519714
2021/11/26 21:00,54344.88,54547.14,54344.88,54547.14,1.459657
2021/11/26 21:15,54544.37,54559.84,54415.99,54415.99,3.636396
2021/11/26 21:30,54361.83,54361.83,54344.88,54344.88,0.44776
2021/11/26 22:00,54344.88,54344.88,54173.26,54173.26,2.82534696
2021/11/26 22:15,54000,54269.56,53842.74,54269.56,2.06944955
2021/11/26 22:30,54254.7,54254.7,54203.42,54203.42,0.11208
2021/11/26 23:15,54146.98,54205.97,54146.98,54205.96,0.61011444
2021/11/26 23:30,54191.45,54205.92,53787.18,53794.09,17.84839301
2021/11/26 23:45,53787.18,54005.6,53696.87,53696.87,9.38905272
2021/11/27 0:00,53690.32,53843.78,53660.73,53752.83,5.22877666
2021/11/27 0:15,53752.83,54341.42,53752.83,54341.42,12.26738425
2021/11/27 0:30,54164.78,54455.89,54164.78,54455.89,2.78575
2021/11/27 0:45,54338.8,54628.77,54338.8,54628.77,1.62008233
2021/11/27 1:00,54148.75,54307.19,54148.75,54281.24,0.36760627
2021/11/27 1:15,54148.75,54219.9,54106.31,54219.9,3.04154373
2021/11/27 1:30,54000.95,54000.95,54000.95,54000.95,1.21933291
2021/11/27 1:45,54231.82,54307.41,54231.82,54307.41,1.29
2021/11/27 2:00,54250.84,54250.84,54250.84,54250.84,0.0268
2021/11/27 2:30,54394.25,54435.04,54394.25,54435.04,1.50232581
2021/11/27 2:45,54435.04,54435.04,54435.04,54435.04,0.20767419
2021/11/27 3:30,54508.97,54628.09,54508.97,54576.98,2.342
2021/11/27 4:00,54362.98,54362.98,54362.98,54362.98,0.76
2021/11/27 4:15,54373.71,54373.71,54373.71,54373.71,0.07652747
2021/11/27 4:30,54509.83,54509.83,54509.83,54509.83,0.88
2021/11/27 4:45,54564.32,54564.32,54564.32,54564.32,1.07
2021/11/27 6:45,54316.09,54316.09,54316.09,54316.09,0.08425767
2021/11/27 7:00,54361.41,54361.41,54361.41,54361.41,0.00679
2021/11/27 8:15,54600.96,55084.47,54600.96,55084.47,8.88204948
2021/11/27 8:30,54952.45,55106.63,54952.45,55106.63,0.68183
2021/11/27 8:45,55180.96,55272.03,55180.96,55272.03,0.24947784
2021/11/27 9:30,55025.79,55025.79,54981.55,54981.55,0.07095
2021/11/27 9:45,54869.56,54869.56,54869.56,54869.56,0.07755221
2021/11/27 10:00,54666.51,54686.14,54666.51,54686.14,0.2740657
2021/11/27 10:15,54397.22,54414.68,54386.31,54406.33,0.46729997
2021/11/27 10:30,54459.49,54459.49,54459.49,54459.49,0.09171964
2021/11/27 12:30,54689.1,54689.1,54497.64,54594.3,9.06583586
2021/11/27 12:45,54610.36,54757.99,54610.36,54757.99,0.76477523
2021/11/27 13:30,54942.41,54942.41,54887.18,54887.18,0.08653173
2021/11/27 13:45,55070.8,55070.8,55070.8,55070.8,0.27
2021/11/27 14:00,54988.49,54988.49,54988.49,54988.49,0.00678
2021/11/27 14:15,55075,55075,55075,55075,0.09085177
2021/11/27 14:30,54981.86,54981.86,54981.86,54981.86,0.47659292
2021/11/27 14:45,54989.39,54989.39,54899.25,54908.6,7.44136838
2021/11/27 15:00,54848.24,54848.24,54714.72,54779.63,0.90054204
2021/11/27 15:45,54877.14,54930.47,54877.14,54930.47,0.45490842
2021/11/27 16:00,54969.02,54969.02,54969.02,54969.02,0.06495679
2021/11/27 16:15,55077.52,55099.39,55077.52,55099.39,1.8009
2021/11/27 16:45,55200,55200,55166.82,55166.82,0.12693631
2021/11/27 17:30,55110.19,55110.19,55110.19,55110.19,0.054
2021/11/27 18:15,54805.28,54805.28,54790.95,54790.95,0.12504015
2021/11/27 19:30,55272.02,55272.02,54977.46,54977.46,0.1033
2021/11/27 20:30,55025.52,55025.52,55025.52,55025.52,0.08341069
2021/11/27 20:45,54859.45,54859.45,54456.95,54456.95,0.12465737
2021/11/27 21:30,54093.82,54264.25,54093.82,54264.25,1.35679121
2021/11/27 21:45,54169.43,54264.47,53870.7,54264.47,0.092
2021/11/27 22:00,54470.75,54659.55,54470.75,54659.55,0.86008799
2021/11/27 22:15,54756.59,54756.59,54629.85,54682.33,7.61477921
2021/11/27 22:30,54643.93,54643.94,54542.97,54542.97,2.10618793
2021/11/27 22:45,54675.65,54719.1,54675.65,54719.1,0.20258314
2021/11/27 23:00,54772.53,54932.22,54772.53,54929,0.05
2021/11/27 23:15,54868.1,54868.1,54810.45,54810.45,1.24
2021/11/27 23:30,54789.88,54789.88,54676.51,54676.51,0.09233621
2021/11/27 23:45,54664.71,54664.71,54630.07,54632.76,3.53632
2021/11/28 0:00,54512.48,54630.62,54444.81,54630.62,4.74264527
2021/11/28 0:15,54744.18,54819.45,54606.38,54658.16,0.79983836
2021/11/28 0:30,54633.76,54636.06,54631.03,54636.06,0.03
2021/11/28 0:45,54589.44,54589.44,54327.44,54371.69,3.78483958
2021/11/28 1:00,54684.16,54770.45,54684.16,54756.67,5.67434842
2021/11/28 1:15,54680.24,54681.31,54552.11,54552.11,2.027151
2021/11/28 1:30,54551.29,54551.29,54493.08,54493.08,0.04
2021/11/28 1:45,54451.04,54451.04,54278.83,54278.83,3.40202115
2021/11/28 2:00,54267.81,54267.81,54212.28,54212.29,0.6321
2021/11/28 2:15,54272.82,54332.36,54184.89,54321.49,1.65660157
2021/11/28 2:30,54374.84,54374.84,54237.18,54237.18,1.665042
2021/11/28 2:45,54233.87,54233.87,53796.43,53909.79,17.67960513
2021/11/28 3:00,53907.09,54365.37,53907.09,54365.37,0.17
2021/11/28 3:30,54381.99,54390.9,54351.68,54351.68,0.548162
2021/11/28 3:45,54290.28,54290.28,54151.76,54151.76,1.04420982
2021/11/28 4:00,54119.85,54249.82,54112.58,54112.58,2.210474
2021/11/28 4:15,54146.76,54202.17,54056.22,54056.22,1.59820128
2021/11/28 4:30,54022.81,54173.98,54022.81,54148.38,0.26610828
2021/11/28 4:45,54156.87,54156.87,54107.76,54109.39,1.04250851
2021/11/28 5:00,54071.91,54071.91,54021.16,54062.59,4.70053991
2021/11/28 5:15,54062.59,54158.96,54062.58,54079.53,5.97712903
2021/11/28 5:30,54319.12,54319.12,54291.86,54291.86,0.06
2021/11/28 5:45,54243.46,54265.79,54170.71,54265.79,3.8255
2021/11/28 6:15,54268.97,54268.97,54268.97,54268.97,0.02
2021/11/28 7:30,54474.67,54515.14,54425.91,54425.91,0.6
2021/11/28 8:15,54502.27,54504.07,54470.18,54470.18,0.12169
2021/11/28 8:30,54694.06,54708.5,54544.37,54544.37,1.8109
2021/11/28 8:45,54451.33,54451.33,54292.67,54303.55,5.41418662
2021/11/28 9:00,54289.81,54357.81,54289.81,54357.81,3.80401076
2021/11/28 9:15,54341.8,54364.89,54341.8,54361.75,0.12
2021/11/28 9:30,54214.8,54281.88,54183.72,54229.58,3.45
2021/11/28 9:45,54258.52,54258.52,54251.35,54251.35,0.20670283
2021/11/28 10:15,54256.06,54266.91,54246.36,54266.91,3.1
2021/11/28 12:30,54517.71,54568.09,54293.69,54293.69,1.75304
2021/11/28 13:00,54344.71,54344.71,54344.71,54344.71,0.01
2021/11/28 13:15,54339.97,54339.97,54339.97,54339.97,0.01
2021/11/28 13:30,54242.51,54242.51,54242.51,54242.51,0.01
2021/11/28 13:45,54228.87,54228.87,54228.87,54228.87,0.01
2021/11/28 14:15,54226.33,54226.33,54137.39,54137.39,0.13
2021/11/28 14:30,54420.91,54420.91,54420.91,54420.91,0.04211715
2021/11/28 14:45,54400.78,54400.78,54400.78,54400.78,0.01
2021/11/28 15:00,54327.57,54327.57,54327.57,54327.57,0.01
2021/11/28 15:15,54326.83,54326.83,54326.83,54326.83,0.01
2021/11/28 15:30,54204.04,54204.04,54204.04,54204.04,0.01
2021/11/28 16:00,54309.64,54342.45,54309.64,54342.45,2.5318735
2021/11/28 16:15,54325.6,54343.94,54163.73,54185.85,4.96280301
2021/11/28 16:30,54185.84,54213.59,54121.06,54121.06,6.39265541
2021/11/28 16:45,54133.52,54133.53,54079.68,54079.68,1.36562499
2021/11/28 17:00,54032.64,54133.53,54032.64,54133.53,5.10835756
2021/11/28 17:15,54133.53,54139.84,54126.08,54139.84,1.00515616
2021/11/28 17:30,54130.04,54166.62,54123.16,54123.16,2.78448002
2021/11/28 17:45,54085.72,54085.72,53869.58,53869.58,5.80487152
2021/11/28 18:15,53943.26,53943.26,53917.98,53917.98,0.06
2021/11/28 18:30,53869.58,53869.58,53869.58,53869.58,0.004
2021/11/28 18:45,53758.27,54166.61,53400.59,53874.39,3.21087592
2021/11/28 19:00,53967.19,54088.51,53888.85,53906.58,0.82381548
2021/11/28 19:15,54166.62,54259.18,54166.62,54259.18,1.6999383
2021/11/28 19:30,54259.18,54376.55,54259.18,54376.55,4.2333
2021/11/28 19:45,54376.55,54405.76,54376.55,54405.76,0.4988
2021/11/28 20:00,54405.76,54737.27,54405.76,54609.92,0.30457057
2021/11/28 20:30,54727.82,54727.82,54644.62,54644.62,0.05
2021/11/28 20:45,54886.17,54953.24,54886.17,54935.63,1.259
2021/11/28 21:00,54862.15,54862.15,54835.49,54835.49,0.02
2021/11/28 21:15,54935.37,54953.23,54918.99,54918.99,0.62
2021/11/28 21:30,54953.22,55376.27,54953.22,55376.27,2.2488217
2021/11/28 21:45,55711.98,55915.68,55662.82,55858.89,1.94163467
2021/11/28 22:00,55836.83,56315.9,55773.37,56307.74,2.63392426
2021/11/28 22:15,56445.8,56584.69,56313.39,56381.32,2.52240783
2021/11/28 22:30,56637.03,56637.03,56231.63,56231.63,0.696
2021/11/28 22:45,56267.43,56299.32,56233.8,56266.55,0.175
2021/11/28 23:00,56130.42,56130.42,56108.47,56108.47,0.02
2021/11/28 23:15,56125.61,56952.09,56125.61,56944.88,4.47682486
2021/11/28 23:30,56952.09,57086.39,56952.09,57086.39,2.5198
2021/11/28 23:45,57277.84,57277.84,57143.45,57143.45,1.6005633
2021/11/29 0:00,57122.97,57137.08,57102.8,57137.08,3.45149672
2021/11/29 0:15,57137.08,57327.23,57137.08,57327.23,2.7706
2021/11/29 0:30,57316.79,57523.73,57192.86,57517.98,12.41438447
2021/11/29 0:45,57523.73,57873.69,57523.73,57679.03,5.4303
2021/11/29 1:00,57644.73,57726.41,57567.99,57726.41,13.68367235
2021/11/29 1:15,57761.03,58114.68,57727.04,57924.35,6.27491888
2021/11/29 1:30,57830.53,57830.53,57778.47,57778.48,1.83708
2021/11/29 1:45,57694.33,57694.33,57666.32,57666.32,1.90287298
2021/11/29 2:00,57641.77,57641.78,57618.7,57627.68,3.94822641
2021/11/29 2:15,57650.26,57684.62,57650.26,57668.68,1.91232619
2021/11/29 2:30,57618.7,57618.7,57558.21,57558.21,1.99501
2021/11/29 2:45,57558.2,57558.21,57535.85,57535.85,2.55
2021/11/29 3:00,57489.95,57489.95,57325.68,57331.64,1.73614785
2021/11/29 3:15,57331.65,57331.65,57331.65,57331.65,1.14282581
2021/11/29 3:45,57304.45,57352.08,57304.45,57347.39,1.8569
2021/11/29 4:00,57299.28,57352.08,57299.28,57352.08,0.7023
2021/11/29 4:15,57439.21,57525.17,57414.16,57414.16,2.130223
2021/11/29 4:30,57341.92,57341.92,57341.92,57341.92,0.02
2021/11/29 4:45,57306.22,57306.22,57306.22,57306.22,0.01
2021/11/29 5:00,57356.89,57356.89,57278.85,57278.85,0.41
2021/11/29 5:45,57300.31,57300.31,57300.31,57300.31,0.03
2021/11/29 6:15,57455.62,57457.96,57453.35,57453.35,0.09
2021/11/29 6:30,57447.85,57447.85,57447.85,57447.85,0.01
2021/11/29 6:45,57458.67,57458.67,57363.44,57363.44,0.356
2021/11/29 7:00,57434.4,57434.4,57426.33,57426.33,0.02
2021/11/29 7:15,57525.17,57525.17,57525.17,57525.17,0.010077
2021/11/29 7:30,57532.55,57532.55,57532.55,57532.55,0.11
2021/11/29 7:45,57598.11,57598.11,57595,57595,0.02
2021/11/29 8:00,57530.16,57530.16,57521.06,57521.06,0.15
2021/11/29 8:15,57493.14,57493.14,57387.18,57387.18,0.19
2021/11/29 8:30,57370.69,57370.69,57293.95,57293.95,0.16
2021/11/29 8:45,57291.64,57291.64,57291.64,57291.64,0.01
2021/11/29 9:00,57284.05,57284.05,57284.05,57284.05,0.01
2021/11/29 9:15,57323.94,57323.94,57323.94,57323.94,0.14
2021/11/29 9:45,57306.86,57306.86,56828.86,56879.11,10.37304317
2021/11/29 10:00,56812.04,56931,56812.03,56884.78,3.87814729
2021/11/29 10:15,56884.78,56896.16,56880,56880,3.08400068
2021/11/29 10:30,57192.67,57393.05,57081.4,57393.05,2.73693521
2021/11/29 10:45,57329.98,57361.82,57210.94,57210.94,0.90161997
2021/11/29 11:00,57261.5,57267.54,57261.5,57262.16,0.44612055
2021/11/29 11:15,57307.77,57315.39,57307.77,57315.39,0.67581028
2021/11/29 11:30,57177.85,57177.85,57174.99,57174.99,0.11
2021/11/29 11:45,57170.24,57170.24,57082.41,57082.41,0.02
2021/11/29 12:00,57036.16,57074.67,57008.15,57008.15,0.6732
2021/11/29 12:30,57041.66,57041.66,56958.37,56958.37,1.07972677
2021/11/29 12:45,56994.1,56994.1,56994.1,56994.1,0.6
2021/11/29 13:00,56959.06,56959.06,56959.06,56959.06,0.0132
2021/11/29 13:15,57198.9,57198.9,57171.48,57171.48,0.6232
2021/11/29 13:30,57169.19,57169.19,57169.19,57169.19,0.01
2021/11/29 13:45,57121.49,57397.52,57121.49,57397.52,1.88818033
2021/11/29 14:00,57395.8,57395.8,57395.8,57395.8,0.01
2021/11/29 14:15,57379.47,57379.47,57272.4,57272.4,0.092
2021/11/29 14:30,57202.73,57202.73,57202.73,57202.73,0.01
2021/11/29 15:00,57031.12,57031.12,57031.12,57031.12,0.01
2021/11/29 15:15,56948.55,56948.55,56948.55,56948.55,0.01
2021/11/29 15:45,56928.77,56928.77,56928.77,56928.77,0.01
2021/11/29 17:00,57375.58,57477.49,57352.94,57453.18,5.22939919
2021/11/29 17:15,57438.54,57909.08,57438.54,57889.77,3.85022226
2021/11/29 17:30,57987.21,58244.6,57987.21,58244.6,3.6809
2021/11/29 17:45,58589.47,58704.58,58589.47,58704.58,0.07491165
2021/11/29 18:00,58688.06,58696.67,58548.67,58548.67,0.1912926
2021/11/29 18:15,58528.53,58705.6,58528.53,58611.75,2.87704529
2021/11/29 18:30,58637.55,58879.9,58627.74,58649.87,8.68891944
2021/11/29 18:45,58667.94,58737.18,58667.94,58686.04,1.86668718
2021/11/29 19:00,58704.7,58704.7,58704.7,58704.7,0.35526088
2021/11/29 19:15,58541.77,58541.77,58286.96,58286.96,4.56769767
2021/11/29 19:30,58345.2,58345.2,58246.16,58246.16,2.4115044
2021/11/29 19:45,58218.5,58218.52,58012.61,58032.91,1.78812525
2021/11/29 20:00,58021.57,58026.3,57872.17,57886.38,1.52677781
2021/11/29 20:15,57886.38,57999.33,57780.54,57948.81,4.45934784
2021/11/29 20:30,57999.32,58059.25,57999.32,58059.25,4.48461135
2021/11/29 20:45,58023.17,58264.5,58023.17,58264.5,2.57375446
2021/11/29 21:00,58264.5,58264.5,58264.5,58264.5,0.08572981
2021/11/29 21:30,58275.75,58322.59,58275.75,58322.59,2.4
2021/11/29 21:45,58250,58250,58250,58250,0.001
2021/11/29 22:00,58368.49,58403.12,58368.49,58403.12,1.45621165
2021/11/29 23:00,58098.41,58143.33,58098.41,58143.31,1.28646894
2021/11/29 23:15,58083.81,58083.81,57945.78,57958.12,4.43242958
2021/11/29 23:30,57958.12,58022.14,57958.12,58022.14,0.83588791
2021/11/29 23:45,58013.11,58013.11,57873.18,57873.18,3.55175061
2021/11/30 0:00,57873.18,57893.89,57777.2,57893.89,1.22712122
2021/11/30 0:15,57750,57903.26,57709.77,57903.26,0.91999885
2021/11/30 0:30,57928.56,57949.93,57828.05,57849.32,0.76141089
2021/11/30 0:45,57899.06,57899.06,57654.54,57654.54,0.35618131
2021/11/30 1:00,57608.55,57687.09,57608.55,57658.68,0.96299441
2021/11/30 1:15,57748.73,57794.49,57543.92,57543.92,0.8558065
2021/11/30 1:30,57470.39,57470.8,57216.7,57216.7,1.04850773
2021/11/30 1:45,57269.91,57381.13,57269.91,57359.18,1.88567297
2021/11/30 2:00,57338.52,57338.52,57245.63,57320.55,1.42301
2021/11/30 2:15,57353.9,57464.4,57353.9,57464.4,3.56528152
2021/11/30 2:30,57464.4,57464.4,57433.4,57433.4,0.06471848
2021/11/30 2:45,57404.51,57445.72,57404.51,57445.72,0.35785083
2021/11/30 3:00,57426.78,57426.78,57426.78,57426.78,0.01
2021/11/30 3:15,57321.97,57321.97,57319.49,57319.49,0.18436
2021/11/30 3:30,57319.49,57319.49,57295.43,57295.43,0.37409
2021/11/30 3:45,57235.02,57235.02,56949.69,56949.7,3.55115363
2021/11/30 4:15,57222.36,57222.36,57222.36,57222.36,0.99
2021/11/30 4:30,57221.66,57221.66,57130.85,57197.97,1.38864844
2021/11/30 4:45,57143,57143.01,57143,57143.01,1.12035456
2021/11/30 5:00,57143.01,57269.8,57133.68,57207.56,4.1698668
2021/11/30 5:15,57241,57275.07,57173.26,57173.26,3.30229293
2021/11/30 5:30,57173.26,57173.26,56893.95,56893.95,6.94954236
2021/11/30 5:45,56858.9,56898.15,56641.11,56706.57,1.8527068
2021/11/30 6:00,56616.52,56656.08,56350.14,56350.14,4.86880256
2021/11/30 6:15,56295.92,56360.86,56187.54,56360.86,2.20384713
2021/11/30 6:30,56166.86,56386.95,56074.73,56386.95,6.94120216
2021/11/30 6:45,56346,56348.41,56253.69,56348.41,0.67747
2021/11/30 7:00,56426.84,56526.19,56426.84,56526.19,0.27774066
2021/11/30 7:15,56758.94,56758.94,56653.21,56653.21,0.69273718
2021/11/30 7:30,56610.36,56610.36,56543.67,56543.67,0.10833888
2021/11/30 7:45,56487.68,56534.19,56267.98,56267.98,2.01285665
2021/11/30 8:00,56320.46,56404.73,56320.46,56404.73,0.67132988
2021/11/30 8:15,56570.86,56570.86,56385.92,56516.8,4.16699962
2021/11/30 8:30,56519.91,56519.91,56473.83,56473.83,0.02
2021/11/30 8:45,56594.31,56919.84,56504.25,56919.84,5.78936275
2021/11/30 9:00,56919.84,57336.74,56859.1,56892.69,14.01951183
2021/11/30 9:15,56858.06,56984.42,56702.21,56702.21,3.75314988
2021/11/30 9:30,56844.67,56844.67,56426.23,56465.96,9.27210146
2021/11/30 9:45,56471.71,56575.95,56471.71,56552.52,1.931457
2021/11/30 10:00,56557.41,56835.86,56557.41,56789.81,3.3903
2021/11/30 10:15,56792.55,56792.55,56629.08,56629.08,1.701993
2021/11/30 11:15,57146.25,57146.25,56989.13,57059.73,0.71456785
2021/11/30 11:45,57336.74,57675.03,57336.74,57638.73,5.74349673
2021/11/30 12:00,57602.29,57693.46,57447.56,57685.19,1.95
2021/11/30 12:15,57742.94,58272.99,57742.94,58092.7,8.57508464
2021/11/30 12:30,58235.93,58235.93,57973.17,57973.17,3.70115386
2021/11/30 12:45,57987.66,58191.91,57966.42,58175.82,2.24334831
2021/11/30 13:00,58085.78,58085.78,58085.78,58085.78,0.01
2021/11/30 13:15,57692.94,58226.5,57692.94,58174.12,8.38266577
2021/11/30 13:30,58206.52,58291.41,58033.89,58106.38,3.53469138
2021/11/30 13:45,58068.57,58068.57,57943.6,57943.6,0.22
2021/11/30 14:00,58132.9,58347.18,58132.9,58347.18,4.81295775
2021/11/30 14:15,58292.15,58432.95,58276.82,58324.6,4.60268623
2021/11/30 14:30,58178.05,58499.92,58178.05,58499.92,0.867
2021/11/30 14:45,58265.88,58265.88,58165.93,58165.93,0.32
2021/11/30 15:00,58192.02,58192.02,58171.64,58171.64,0.11
2021/11/30 15:15,58404.79,58805.51,58404.79,58805.51,3.83822208
2021/11/30 15:30,58862.28,59034.02,58662.5,59034.02,4.5227716
2021/11/30 15:45,59088.68,59088.68,58604.25,58628.48,10.15402673
2021/11/30 16:00,58594.91,58612.29,57366.77,57366.77,28.50245439
2021/11/30 16:15,57310.96,57427.83,56885.49,56885.49,19.96629867
2021/11/30 16:30,56868.76,57355.22,56697.27,57355.22,18.44353612
2021/11/30 16:45,57355.22,57730.48,57024.76,57114.84,22.48496662
2021/11/30 17:00,57114.85,57143.4,56508.08,56762.85,17.81195986
2021/11/30 17:15,56866.73,56866.73,56551.05,56810.31,5.46349413
2021/11/30 17:30,56914.37,57177.21,56898.22,57162.35,2.0109913
2021/11/30 17:45,57200.39,57291.22,57126.47,57130.34,8.4902865
2021/11/30 18:00,57291.23,57574.73,57291.23,57449.43,3.40871115
2021/11/30 18:15,57413.13,57526.85,57275,57356.49,3.53552796
2021/11/30 18:30,57387.87,57563.63,57387.87,57563.63,2.02076646
2021/11/30 18:45,57563.63,57860.48,57563.63,57860.28,6.72798038
2021/11/30 19:00,57796.88,58303,57796.88,58303,4.91348775
2021/11/30 19:15,58271.28,58271.28,57870.92,57885.94,1.97946914
2021/11/30 19:30,57980.84,57997.6,57728.31,57736.06,1.27598145
2021/11/30 19:45,57855.87,57913.61,57634.04,57677.32,6.65047069
2021/11/30 20:00,57617.28,57707.12,57526.63,57686.92,3.50307512
2021/11/30 20:15,57725.33,57741.74,57296.69,57377.05,8.19575373
2021/11/30 20:30,57377.53,57513.62,57377.52,57449.7,2.9592711
2021/11/30 20:45,57442.37,57658.3,57384.86,57631.78,2.92387114
2021/11/30 21:00,57658.3,57756.5,57410.48,57519.85,3.39975416
2021/11/30 21:15,57563.29,57678.19,57563.29,57630.07,6.91228799
2021/11/30 21:30,57678.19,57678.19,57381.52,57381.52,1.69409365
2021/11/30 21:45,57381.52,57381.52,57101.27,57101.27,6.135203
2021/11/30 22:15,57186.3,57321.66,57186.3,57321.66,1.92233461
2021/11/30 22:30,57303.48,57427.41,57303.48,57427.41,0.34009
2021/11/30 23:00,57401.2,57401.2,57401.2,57401.2,0.04970085
2021/11/30 23:15,57377.47,57406.23,57097.31,57124.07,11.41345827
2021/11/30 23:30,57124.07,57340.3,57124.07,57340.3,15.31632611
2021/11/30 23:45,57226.9,57226.9,57102.87,57136.64,4.04215753
2021/12/1 0:00,57136.64,57158.94,56813.06,56956.09,7.72370287
2021/12/1 0:15,57029.76,57539.39,56746.48,57256.61,27.25590135
2021/12/1 0:30,57357.6,57531.02,57333.46,57531.02,6.68654856
2021/12/1 0:45,57531.02,57616.17,57333.46,57441.4,9.31493885
2021/12/1 1:00,57441.4,57630.33,57433.46,57607.27,8.97290866
2021/12/1 1:15,57607.28,57607.28,57326.38,57390.32,6.38542017
2021/12/1 1:30,57349.62,57349.62,57100.83,57100.84,2.86931443
2021/12/1 1:45,57214.86,57214.86,57057.84,57057.86,2.8550546
2021/12/1 2:15,57042.74,57048.8,57042.74,57048.8,0.11
2021/12/1 2:30,56886.69,56891.49,56886.59,56891.49,0.10320149
2021/12/1 2:45,57089.5,57139.25,57089.5,57139.25,0.30059951
2021/12/1 3:00,57163.02,57302.01,57163.02,57302.01,0.9817043
2021/12/1 3:15,57308.66,57313.83,57308.66,57312.79,0.1843115
2021/12/1 3:30,57160.14,57160.14,57153.61,57153.61,0.08333273
2021/12/1 3:45,57137.98,57406.54,57090.35,57397.13,1.03724541
2021/12/1 4:00,57240.69,57324.59,57179.44,57324.59,1.34
2021/12/1 4:15,57422.55,57436.89,57313.63,57313.63,1.84067631
2021/12/1 4:30,57320.44,57320.44,57256.33,57256.33,0.61
2021/12/1 4:45,57244.36,57244.67,57242.19,57242.2,0.727331
2021/12/1 5:00,57170.52,57170.52,57081.06,57151.36,1.109802
2021/12/1 5:15,57064.87,57088.32,57030.07,57030.07,0.67763374
2021/12/1 5:30,57014.02,57014.02,56926.17,56926.17,0.483488
2021/12/1 5:45,56926.17,56952.04,56880.58,56922.92,0.754302
2021/12/1 6:00,56817.94,56828.83,56817.94,56824.37,0.36
2021/12/1 6:15,56809.15,57027.12,56785.78,57027.12,2.19555256
2021/12/1 6:30,56997.42,57117.13,56956.33,57015.11,0.83514686
2021/12/1 6:45,56956.28,57007,56956.27,56966.66,0.62344663
2021/12/1 7:00,57052.1,57074.91,56981.78,56981.78,0.96523575
2021/12/1 7:15,56913.63,57154.77,56913.63,57149.61,3.52993533
2021/12/1 7:30,57182.82,57325.4,57182.82,57191.12,2.93001046
2021/12/1 7:45,57214,57254.34,57105.66,57180.15,1.90958983
2021/12/1 8:00,57174.97,57174.97,57106.15,57129.5,0.47883
2021/12/1 8:15,57211.62,57232.84,56948.64,56948.73,3.40678399
2021/12/1 8:30,56982.7,57753.45,56982.7,57715.69,15.6122419
2021/12/1 8:45,57715.69,57809.9,57258.43,57258.43,8.13321726
2021/12/1 9:00,57258.43,57258.43,56886.24,56886.24,4.16349193
2021/12/1 9:15,56924.35,57050.1,56824.26,57035.86,3.60444473
2021/12/1 9:30,57074.23,57074.23,56959,56959,0.517745
2021/12/1 9:45,56979.19,57110.53,56959.66,57062.02,1.09445234
2021/12/1 10:00,57110.67,57177.93,57075.47,57148.6,2.56738214
2021/12/1 10:15,57142.88,57182.1,57071.79,57071.79,1.09279689
2021/12/1 10:30,57060.46,57103.24,57052.73,57087.85,2.74177679
2021/12/1 10:45,57073.04,57073.04,56903.6,56999.12,2.91699438
2021/12/1 11:15,56998.92,56998.92,56960.36,56984.78,0.03
2021/12/1 11:30,56933.41,56933.41,56869.55,56869.55,0.43
2021/12/1 11:45,56973.25,57141.85,56961.88,56970.42,0.7445881
2021/12/1 12:00,57079.87,57196.17,56978.07,57196.17,0.57487264
2021/12/1 12:15,57263.92,57447.7,57235.68,57327.2,10.15797051
2021/12/1 12:30,57334.22,57367.03,57204.23,57323.95,5.16636749
2021/12/1 12:45,57327.55,57339.98,57178.99,57178.99,0.31433281
2021/12/1 13:00,57171.52,57171.52,57128.28,57128.28,0.89502622
2021/12/1 13:15,57109.41,57375.74,57109.41,57279.5,1.26621918
2021/12/1 13:30,57312.04,57453.36,57273.16,57423.97,1.55587381
2021/12/1 13:45,57570.7,57950.22,57550.08,57840.56,22.21463292
2021/12/1 14:00,57733.19,57763.31,57574.12,57714.33,5.35382829
2021/12/1 14:15,57861.66,58013.33,57861.66,57940.51,2.544802
2021/12/1 14:30,58050.31,58549.94,58050.31,58537.16,9.26730343
2021/12/1 14:45,58537.33,58598.29,58323.71,58489.1,5.74029979
2021/12/1 15:00,58582.13,58724.67,58440.42,58543.06,7.02536319
2021/12/1 15:15,58739.51,58856.76,58405.58,58450.72,9.702362
2021/12/1 15:30,58450.72,58567.5,58362.33,58567.5,2.67073342
2021/12/1 15:45,58620.53,58752.33,58420.61,58491.71,7.63380875
2021/12/1 16:00,58478.98,58626.82,58478.98,58626.82,2.2899151
2021/12/1 16:15,58659.74,58950.53,58659.74,58948.56,12.05795898
2021/12/1 16:30,58995.79,59000,58805.22,58805.22,0.77015809
2021/12/1 16:45,58844.25,58844.25,58572.27,58678.39,4.43733273
2021/12/1 17:00,58634.77,58635.73,58503.98,58503.98,1.87
2021/12/1 17:15,58502.69,58519.38,58400.91,58400.91,2.5512
2021/12/1 17:30,58553.51,58553.51,58432.98,58432.98,1.43736774
2021/12/1 17:45,58335.28,58418.65,58298.11,58377.3,2.64420426
2021/12/1 18:00,58375.58,58534.37,58027.44,58046.61,11.15861602
2021/12/1 18:15,58034.76,58043.48,57747,57754.58,3.061631
2021/12/1 18:30,57726.89,57819.96,57642.59,57736.33,1.351
2021/12/1 18:45,57816.88,57816.88,57631.27,57639.92,2.37
2021/12/1 19:00,57694.2,57694.2,57478.11,57486.83,1.56
2021/12/1 19:15,57303.13,57347.26,57082.89,57089.06,8.73126571
2021/12/1 19:30,57091.21,57382.5,56995.53,57378.48,15.72094446
2021/12/1 19:45,57462.77,57737.19,57462.77,57581.21,6.28187432
2021/12/1 20:00,57568.78,57663.75,57526.61,57526.61,1.3709949
2021/12/1 20:15,57457.49,57457.49,57176.68,57340.28,7.37468822
2021/12/1 20:30,57334.05,57334.05,56799.69,56992.45,11.85384631
2021/12/1 20:45,56989.92,57276.42,56927.86,57254.21,10.76165163
2021/12/1 21:00,57196.04,57196.04,56686.32,56686.42,18.60602933
2021/12/1 21:15,56734.08,56946.32,56575.1,56869.4,13.67896578
2021/12/1 21:30,56946.32,56959.84,56642.46,56642.46,5.68216373
2021/12/1 21:45,56600.07,56764.19,56574.68,56704.54,5.25759274
2021/12/1 22:00,56793.16,57068.73,56736.3,57045.52,9.55817874
2021/12/1 22:15,57146.97,57166.97,56841.12,56841.12,6.8272915
2021/12/1 22:30,56859.62,56859.62,56676.84,56811.18,9.18779639
2021/12/1 22:45,56896.81,57077.08,56788.43,56960.52,5.74757038
2021/12/1 23:00,56943.62,57100,56943.62,57100,2.06248663
2021/12/1 23:15,57130.73,57231.1,57079.81,57176.78,0.635
2021/12/1 23:30,57169.41,57188.34,57115.41,57185.48,0.970986
2021/12/1 23:45,57180.61,57181.35,57138.89,57138.89,1.86123928
2021/12/2 0:00,57170.11,57250,57170.11,57201.46,0.14
2021/12/2 0:15,57157.52,57157.52,56979.14,57105.64,11.89670454
2021/12/2 0:30,57101.7,57133.47,56942.84,57059.6,3.34883445
2021/12/2 0:45,57134.07,57134.07,56818.62,56827.36,6.34090827
2021/12/2 1:00,56824.75,57001.5,56773.6,57001.5,4.52
2021/12/2 1:15,56977.42,57068.45,56867.99,57041.04,0.85829
2021/12/2 1:30,57029.63,57369.68,56999.36,57363.73,1.5434
2021/12/2 1:45,57345.44,57370.36,57163.22,57214.59,2.89251279
2021/12/2 2:00,57160.37,57276.01,57141.9,57276.01,3.8128
2021/12/2 2:15,57244.84,57256.28,56956.73,57020.99,11.10764068
2021/12/2 2:30,56950,56983.32,56922.49,56983.31,2.4784
2021/12/2 2:45,57025.14,57025.14,56988.54,57025.14,1.35642121
2021/12/2 3:00,57133.87,57191.67,57000.27,57000.27,3.14748989
2021/12/2 3:15,56986.25,56986.25,56020.18,56219.47,14.09085391
2021/12/2 3:30,56208.33,56208.33,55898.31,55982.14,15.90720358
2021/12/2 3:45,56011.58,56174.02,55962.56,56171.21,2.87534518
2021/12/2 4:00,56150.64,56479.61,56082.71,56378.18,4.83181001
2021/12/2 4:15,56372.55,56497.17,56295.43,56497.17,12.15631425
2021/12/2 4:30,56517.26,56593.31,56452.38,56593.31,2.01371058
2021/12/2 4:45,56621.25,56693.56,56556.33,56556.34,0.596281
2021/12/2 5:00,56539.1,56662.61,56537.21,56572.78,4.17057396
2021/12/2 5:15,56546.95,56817.29,56537.72,56817.29,6.40812937
2021/12/2 5:30,56856.92,56971.14,56848.95,56904.33,2.27400471
2021/12/2 5:45,56860.41,56881.53,56783.16,56881.53,1.79069
2021/12/2 6:00,56920.88,56971.45,56901.5,56901.5,2.66461209
2021/12/2 6:15,56889.61,56889.61,56681.36,56706.82,2.79735188
2021/12/2 6:30,56740.42,56740.42,56683.69,56683.69,0.27
2021/12/2 6:45,56802.44,56802.44,56487.77,56565.02,12.03226702
2021/12/2 7:00,56568.3,56678.81,56568.3,56678.81,1.296943
2021/12/2 7:15,56722.59,56850.09,56722.59,56787.56,1.023865
2021/12/2 7:30,56790.93,56959.32,56790.93,56959.32,0.06
2021/12/2 7:45,56966.01,56966.01,56682.34,56785.34,2.82389676
2021/12/2 8:00,56856.2,56899.91,56834.25,56840.8,0.47269752
2021/12/2 8:15,56885.62,56949.21,56827.64,56868.25,1.1642285
2021/12/2 8:30,56982.05,57187.72,56979.33,57187.72,1.36207488
2021/12/2 8:45,57189.83,57208.19,56996.92,57014.93,2.21401198
2021/12/2 9:00,57020.36,57044.44,57011.54,57016.62,0.55055997
2021/12/2 9:15,57006.92,57006.92,56991.12,56991.12,1.2106
2021/12/2 9:30,57087.24,57087.24,56815.43,56871.47,4.22985141
2021/12/2 9:45,56820.46,56889.74,56673.17,56708.27,2.84030133
2021/12/2 10:00,56779.43,56809.14,56683.78,56721.77,0.68
2021/12/2 10:15,56740.51,56810.1,56640.66,56723.42,11.7708035
2021/12/2 10:30,56669.9,56670.51,56480.01,56563.24,3.32097135
2021/12/2 10:45,56585.88,56632.8,56480,56585.72,2.26676177
2021/12/2 11:00,56589.55,56589.55,56526.86,56526.86,0.7487
2021/12/2 11:15,56605.34,56605.34,56203.87,56203.87,4.78459926
2021/12/2 11:30,56264.28,56490.12,56191.58,56490.12,4.5127601
2021/12/2 11:45,56515.42,56613.59,56359.47,56488.83,2.14292052
2021/12/2 12:00,56459.38,56459.38,56309.6,56379.55,1.637
2021/12/2 12:15,56367.79,56367.79,56137.72,56137.72,8.48005086
2021/12/2 12:30,56164.08,56434.44,56105.9,56434.44,3.01055002
2021/12/2 12:45,56512.83,56512.83,56436.21,56444.59,1.035582
2021/12/2 13:00,56354.72,56616.59,56354.71,56616.59,6.19197968
2021/12/2 13:15,56613.88,56635.25,56543.81,56625.39,0.87476419
2021/12/2 13:30,56575.04,56611.29,56172.36,56172.36,7.38351271
2021/12/2 13:45,56226.71,56372.63,56205.71,56208.54,3.09772441
2021/12/2 14:00,56279.43,56458.1,56198.21,56458.1,0.558638
2021/12/2 14:15,56517.3,56695.15,56399.66,56695.15,3.66958028
2021/12/2 14:30,56740.29,56740.29,56591.91,56591.91,2.54752257
2021/12/2 14:45,56542.53,57050.54,56447.52,57041.19,8.15068554
2021/12/2 15:00,57000.83,57176.9,57000.83,57093.88,2.68844619
2021/12/2 15:15,57093.88,57347.8,56897.91,56897.91,6.8606548
2021/12/2 15:30,56897.91,56897.91,56434.76,56649.97,10.33246414
2021/12/2 15:45,56673.48,56695.82,56208.42,56260.22,10.0548711
2021/12/2 16:00,56201.39,56529.1,56201.39,56529.1,2.28027668
2021/12/2 16:15,56497.7,56812.08,56380.05,56410.31,9.38517611
2021/12/2 16:30,56434.79,56521.21,56359.51,56359.51,2.05030531
2021/12/2 16:45,56332.52,56375.19,56166.56,56203.67,4.695155
2021/12/2 17:00,56163.13,56382.4,56098.2,56382.4,10.21791255
2021/12/2 17:15,56347.72,56509.79,56328.01,56458.94,2.42556096
2021/12/2 17:30,56552.84,56634.85,56471.37,56546.21,3.78082053
2021/12/2 17:45,56597.83,56650.24,56521.27,56613.8,1.61724569
2021/12/2 18:00,56608.13,56641.86,56560.78,56587.86,0.242291
2021/12/2 18:15,56544.11,56548.35,56338.66,56414.37,3.26081125
2021/12/2 18:30,56420.35,56423.02,56200.96,56200.96,2.69400537
2021/12/2 18:45,56209.52,56552.8,56180.97,56490.4,7.70573753
2021/12/2 19:00,56424.78,56682.03,56424.78,56682.03,1.16801099
2021/12/2 19:15,56735.04,56842.34,56735.04,56842.34,2.90449459
2021/12/2 19:30,56835.29,56918.32,56777.55,56777.55,0.24
2021/12/2 19:45,56852.47,56852.47,56659.91,56659.91,1.05419481
2021/12/2 20:00,56669.72,56669.72,56562.93,56645.32,2.35665658
2021/12/2 20:15,56685.46,56964.65,56608.48,56839.94,3.40310337
2021/12/2 20:30,56924.08,57056.02,56861.38,57056.02,2.62
2021/12/2 20:45,57021.76,57278.98,57021.76,57213.81,11.3809
2021/12/2 21:00,57128.83,57138.75,56953.21,57046.28,5.32627272
2021/12/2 21:15,57056.16,57056.16,56855.65,56880.22,0.88019965
2021/12/2 21:30,56865.12,56917.47,56833.27,56833.27,0.1714728
2021/12/2 21:45,56839.68,57080.45,56839.68,57080.45,3.3727359
2021/12/2 22:00,56928.27,56933.86,56876.58,56882.03,0.05
2021/12/2 22:15,56832.68,56832.68,56753.04,56788.7,1.23036263
2021/12/2 22:30,56679.07,56753.23,56679.07,56753.23,0.69
2021/12/2 22:45,56763.59,56859.89,56763.59,56859.89,0.59960725
2021/12/2 23:00,56861.47,56894.41,56676.63,56838.45,4.42172726
2021/12/2 23:15,56807.53,56842.25,56807.53,56830.23,0.76
2021/12/2 23:30,56812.37,56818.05,56607.56,56607.56,0.45
2021/12/2 23:45,56585.7,56649.63,56539.31,56615.82,0.19800048
2021/12/3 0:00,56577.92,56577.92,56424.33,56497.31,4.76104459
2021/12/3 0:15,56548.55,56618.16,56495.5,56618.16,3.06145965
2021/12/3 0:30,56546.63,56546.63,56507.23,56507.23,0.03
2021/12/3 0:45,56545.96,56761.83,56545.96,56687.86,2.8217609
2021/12/3 1:00,56667.46,56667.46,56604.73,56604.73,0.06
2021/12/3 1:15,56562.84,56712.71,56562.84,56680.61,0.46
2021/12/3 1:30,56622.01,56725,56516.28,56516.28,0.654413
2021/12/3 1:45,56567.89,56567.89,56560.5,56560.5,0.04
2021/12/3 2:00,56414.59,56612.48,56414.59,56568.54,4.06605624
2021/12/3 2:15,56565.31,56574.56,56477.72,56553.78,2.13966137
2021/12/3 2:30,56609.69,56611.41,56475.27,56499.76,1.44060536
2021/12/3 2:45,56502.1,56502.1,56257.31,56257.31,15.5246288
2021/12/3 3:00,56284.68,56402.33,56125.29,56240.45,14.67312119
2021/12/3 3:15,56240.45,56314.45,56098.2,56244.14,7.04859502
2021/12/3 3:30,56249.98,56249.98,56187.1,56220.94,3.36104971
2021/12/3 3:45,56307.43,56533.78,56294.61,56521.28,2.97527981
2021/12/3 4:00,56496.45,56496.45,56389.28,56397.05,3.96498659
2021/12/3 4:15,56397.05,56559.44,56344.41,56547.05,4.84240825
2021/12/3 4:30,56547.98,56698.71,56547.98,56650.43,4.6119335
2021/12/3 4:45,56686.58,56710.04,56614.61,56654.11,4.87327776
2021/12/3 5:00,56700.31,56700.31,56585.92,56590.84,7.38473298
2021/12/3 5:15,56613.49,56634.76,56598.78,56615.96,3.2884826
2021/12/3 5:30,56631.33,56632.76,56506.36,56506.36,4.94530183
2021/12/3 5:45,56554.72,56886.15,56485,56869.08,11.22390366
2021/12/3 6:00,56919.98,57064.43,56790.4,56795,7.05263906
2021/12/3 6:15,56814.78,56860.19,56786.29,56839.39,4.95930649
2021/12/3 6:30,56797.79,56860.2,56797.79,56860.2,2.05039433
2021/12/3 6:45,56882.48,56992.39,56882.48,56938.91,2.33250389
2021/12/3 7:00,56943.51,56949.61,56921.65,56921.65,0.2897842
2021/12/3 7:15,56901.05,56952.64,56873.37,56892.59,2.35
2021/12/3 7:30,56889.91,56963.89,56841.06,56963.89,2.2078537
2021/12/3 7:45,56948.05,56948.05,56751.77,56751.77,3.87315231
2021/12/3 8:00,56777.17,56823.37,56777.17,56789.37,0.71332305
2021/12/3 8:15,56781.56,56810.6,56702.72,56810.6,1.54312725
2021/12/3 8:30,56700.28,56710.45,56596.61,56596.61,6.77089329
2021/12/3 8:45,56563,56629.2,56544.36,56626.38,0.40501119
2021/12/3 9:00,56606.73,56637.1,56606.73,56637.1,0.08418985
2021/12/3 9:15,56654.42,56654.42,56557.14,56557.14,0.66415774
2021/12/3 9:30,56622.5,56622.5,56517.94,56537.71,0.56184739
2021/12/3 9:45,56563.47,56642.43,56563.46,56633.94,1.38667206
2021/12/3 10:00,56666.29,56812.75,56666.29,56812.75,0.24
2021/12/3 10:15,56882.18,57358.16,56882.18,57249.97,10.4257284
2021/12/3 10:30,57252.93,57252.93,56954.3,56988.81,4.50292515
2021/12/3 10:45,56984.87,56984.87,56792.26,56893.52,5.49076802
2021/12/3 11:00,56921.58,56956.58,56866.26,56937.32,2.07843
2021/12/3 11:15,56994.54,57151.79,56994.54,57048.48,5.1128
2021/12/3 11:30,57028.5,57115.43,57007.07,57017.96,0.17
2021/12/3 11:45,57030.76,57030.76,56871.72,56950.71,1.95904239
2021/12/3 12:00,56982.73,57061.17,56982.73,57024.08,0.29990248
2021/12/3 12:15,57054.98,57194.3,57040.17,57162,2.97061438
2021/12/3 12:30,57141.28,57142.08,57033.38,57033.38,0.66462035
2021/12/3 12:45,57020.99,57020.99,56849.08,56926.49,4.44746215
2021/12/3 13:00,56913.5,56915.71,56830.12,56841.71,1.407943
2021/12/3 13:15,56862.07,56957.07,56839.39,56952.36,0.41
2021/12/3 13:30,56969.96,56999.99,56969.93,56977.3,0.06
2021/12/3 13:45,57019.79,57574.85,57019.79,57220.82,16.73196785
2021/12/3 14:00,57163.54,57163.54,56821.84,56912.54,9.71351798
2021/12/3 14:15,56832.83,56950.71,56832.83,56842.21,1.32568
2021/12/3 14:30,56755.85,56816.99,56565.62,56744.44,1.19956374
2021/12/3 14:45,56705.16,56846.34,56565.24,56583,3.34317262
2021/12/3 15:00,56608.46,56608.46,56243.68,56299.33,5.35370628
2021/12/3 15:15,56240.27,56284.5,56148.18,56148.18,1.68045589
2021/12/3 15:30,56186.15,56325.7,56186.14,56268.26,3.02609201
2021/12/3 15:45,56362,56362,56118.33,56118.33,5.64974191
2021/12/3 16:00,56131.15,56192.73,55804.12,56045.29,17.70145686
2021/12/3 16:15,56045.29,56045.29,55081.32,55453.58,31.74843484
2021/12/3 16:30,55498.86,55604.44,55264.37,55363.3,12.26779792
2021/12/3 16:45,55436.96,55604.04,55306.53,55341.65,7.08221973
2021/12/3 17:00,55341.64,55363.52,54885.51,55037.56,14.53082703
2021/12/3 17:15,54939.2,55007.31,54711.19,54953.16,6.92658974
2021/12/3 17:30,54927.15,55090.32,54927.15,54963.47,1.35545519
2021/12/3 17:45,54916,55049.09,54791.7,55019.2,3.65265876
2021/12/3 18:00,54966.98,55023.54,54933.34,55008.73,0.6408
2021/12/3 18:15,54975.75,55025.8,54951.75,55022.39,0.3309
2021/12/3 18:30,55123.32,55123.32,55051.29,55051.29,0.430968
2021/12/3 18:45,55062.38,55062.38,54811.16,54811.16,2.75059876
2021/12/3 19:00,54817.77,55061.6,54437.93,54867.52,18.45829295
2021/12/3 19:15,54769.51,54777.11,54754.29,54774.37,0.35529588
2021/12/3 19:30,54748.55,54748.55,54300.06,54300.06,14.95089277
2021/12/3 19:45,54373.83,54404.69,53839.46,54120.87,21.30334786
2021/12/3 20:00,54135.89,54135.89,53799.65,53878.51,18.79939338
2021/12/3 20:15,53875.81,53998.76,53235.95,53390.96,25.75560555
2021/12/3 20:30,53361.73,53679.11,52382.47,53241.63,45.24106939
2021/12/3 20:45,53257.59,53311.03,52754.25,52865.69,22.6407182
2021/12/3 21:00,52989.44,53525.86,52989.44,53506.18,9.21483546
2021/12/3 21:15,53484.69,53901.19,53407.35,53737.06,3.06903672
2021/12/3 21:30,53855.84,53879.35,53691.87,53727.31,1.38171724
2021/12/3 22:00,53866.67,53866.67,53690,53690,0.306246
2021/12/3 22:15,53655,53655,53063.08,53464.53,2.66823715
2021/12/3 22:30,53339.25,53339.25,53339.25,53339.25,0.09353
2021/12/3 23:45,53758.84,53834.03,53758.84,53834.03,0.09530098
2021/12/4 0:00,53558.3,53558.3,53558.3,53558.3,0.06932499
2021/12/4 1:00,53397.29,53398.58,53223.57,53223.57,0.92670761
2021/12/4 1:15,53000,53000,52707.09,52707.09,0.2865
2021/12/4 1:30,52876,52876,52876,52876,0.09443
2021/12/4 1:45,52779.77,52779.77,52779.77,52779.77,0.094
2021/12/4 3:00,53066.04,53149.72,52954.34,53085.67,3.57108109
2021/12/4 3:15,53097.31,53097.31,52858.88,52858.88,2.6985
2021/12/4 3:30,52671.68,52671.68,52405.66,52405.66,2.20613482
2021/12/4 4:00,52405.66,52405.66,52116.51,52116.51,3.12244662
2021/12/4 4:15,52082,52404.01,51955.23,52404.01,14.49502955
2021/12/4 4:30,52434.71,52434.71,52386.96,52386.96,2.08599754
2021/12/4 4:45,52262.5,52262.5,51969.37,51984.16,10.17083715
2021/12/4 5:00,52102.99,52191.68,49349.61,50246.33,4.64831278
2021/12/4 5:15,50333,50514.15,48000,48985.53,3.86125459
2021/12/4 5:30,48000,52191.68,42700,45930.16,3.44572392
2021/12/4 5:45,52191.68,52191.68,41500,47131.4,2.56627081
2021/12/4 6:00,47239.77,52191.66,47004.77,47700,1.38684642
2021/12/4 6:15,47437.3,47437.3,47437.3,47437.3,0.1206004
2021/12/4 6:30,47756.87,47814.69,47756.83,47814.69,0.6759
2021/12/4 6:45,48130.51,48149.83,47823.32,47839.03,0.79338924
2021/12/4 7:00,47750.05,47750.05,47750.05,47750.05,0.09885884
2021/12/4 7:15,47274.59,47274.59,46839.47,46839.47,0.23316236
2021/12/4 7:30,42000.06,47565.22,42000.05,47565.22,0.3151
2021/12/4 7:45,47153.44,52191.58,47126.31,47200.01,3.85444194
2021/12/4 8:00,45839.47,46863.27,45839.47,46863.27,0.1064
2021/12/4 8:15,47345.06,47345.06,41700.74,41700.74,0.56411315
2021/12/4 8:30,47464.03,47464.03,47464.03,47464.03,0.10524308
2021/12/4 8:45,47888.97,47893.06,47888.97,47893.06,0.3
2021/12/4 9:00,46800,47527.24,46800,47527.24,1.105168
2021/12/4 9:45,47669.5,47669.5,47669.5,47669.5,0.10478408
2021/12/4 10:00,47451.22,47453.15,47415.75,47440.93,0.93704663
2021/12/4 10:15,47565.84,47565.84,47565.84,47565.84,0.16081847
2021/12/4 11:45,46487.97,46487.97,46295.87,46295.87,1.7077
2021/12/4 12:00,42000,46790.06,41600,46790.06,0.2168
2021/12/4 12:15,46750.73,46813.16,46750.73,46813.16,0.2135629
2021/12/4 12:30,47119.53,47557.14,47119.53,47492.98,0.631798
2021/12/4 13:30,47031.64,47097.64,47031.64,47097.64,3.39399453
2021/12/4 13:45,47417.48,47523.75,47061,47449.9,1.4756048
2021/12/4 14:00,47279.34,47279.34,47279.34,47279.34,0.3166068
2021/12/4 14:15,47364.59,47488.91,47177.4,47468.83,0.42115943
2021/12/4 14:30,47644.5,47670.87,47175.7,47497.97,2.200965
2021/12/4 14:45,47105.15,47545.45,47105.15,47545.45,1.7996962
2021/12/4 15:00,47593.01,47895.71,47593.01,47895.71,5.37
2021/12/4 15:15,47941.45,48565.14,47941.45,48565.14,7.55514493
2021/12/4 15:30,48565.14,48565.14,48084.05,48214.85,1.02309798
2021/12/4 15:45,48399.66,48578.98,48399.66,48481.61,2.91921341
2021/12/4 16:00,48301.91,48315.35,48151.79,48201.54,1.12452201
2021/12/4 16:15,48291.26,48291.26,48065.37,48074.22,1.16238246
2021/12/4 16:30,48257.95,48419.83,48188.1,48197.41,7.74240636
2021/12/4 16:45,48465.21,48499.03,47942.13,48276.15,2.04710715
2021/12/4 17:00,48029.09,48185.67,48029.09,48185.67,3.24366162
2021/12/4 17:15,47886.83,48022.03,47886.83,48022.03,0.41684811
2021/12/4 17:30,47969.58,47969.58,47800.87,47800.87,0.20812859
2021/12/4 17:45,48071.26,48123.41,48071.26,48123.41,2.104
2021/12/4 18:00,48185.67,48377.87,48185.67,48377.87,4.02633838
2021/12/4 18:15,48454.75,48454.75,48454.75,48454.75,1.08
2021/12/4 18:30,48500.85,48685.07,48143.32,48439.39,4.78197396
2021/12/4 18:45,48695.15,48762.32,48695.15,48762.32,0.83243575
2021/12/4 19:00,48762.32,48880.55,48762.32,48880.55,2.57816425
2021/12/4 19:15,48880.55,48938.96,48880.55,48938.96,1.6297
2021/12/4 19:30,48966.74,49307.66,48966.74,49245.66,7.52490381
2021/12/4 19:45,49414.14,49414.16,49392.71,49414.16,0.4783219
2021/12/4 20:00,49444.72,49476.62,49367.07,49367.07,0.73297104
2021/12/4 20:15,49450.73,49465.83,49450.73,49455.97,1.8019
2021/12/4 20:30,49406.16,49406.16,49406.16,49406.16,0.03976488
2021/12/4 20:45,49427.79,49427.79,49427.79,49427.79,0.101
2021/12/4 21:00,49305.97,49305.97,49305.97,49305.97,0.05000001
2021/12/4 22:45,49251.69,49251.69,48871.48,48871.48,0.15141794
2021/12/4 23:00,49147.42,49147.42,49074.87,49074.87,0.1518
2021/12/4 23:45,49136.29,49175.4,49029.98,49029.98,2.27772054
2021/12/5 0:00,49175.4,49287.74,48954.59,49278.69,5.22993469
2021/12/5 0:15,49276.23,49673.43,49206.81,49395.77,10.50781279
2021/12/5 0:30,49393.3,49710.22,49300.93,49396.55,10.27564652
2021/12/5 0:45,49347.11,49360.6,48432.77,48606.69,31.47687062
2021/12/5 1:00,48606.69,49158.07,48606.69,49079.38,11.68727283
2021/12/5 1:15,49057.44,49085.01,48779.3,49017.91,7.30225781
2021/12/5 1:30,49017.91,49103.41,48823.62,48862.82,8.87690834
2021/12/5 1:45,48886.47,49227.85,48870.27,49203.99,6.1289102
2021/12/5 2:00,49223.15,49237.53,49128.96,49128.96,3.88266569
2021/12/5 2:15,49128.96,49128.96,48936.49,48936.49,10.18424141
2021/12/5 2:30,48976.08,49068.07,48931.27,49021.87,13.8251895
2021/12/5 2:45,49021.87,49082.27,48950.3,48995.04,11.59889946
2021/12/5 3:00,49089.91,49117.17,48967.63,48967.63,2.48
2021/12/5 3:15,49071.23,49071.23,48953.74,48986.05,4.80272989
2021/12/5 3:30,49247.64,49247.64,49185.4,49185.4,0.040414
2021/12/5 3:45,49337.1,49400.24,49220.08,49253.35,1.98759819
2021/12/5 4:15,49251.65,49251.65,49037.42,49048.42,3.73677648
2021/12/5 4:30,49048.42,49072.75,48951.71,48951.71,1.9710088
2021/12/5 4:45,49051.2,49051.2,48987.86,48987.86,0.53426
2021/12/5 5:00,49199.95,49199.95,48903.62,48919.32,3.01542321
2021/12/5 5:15,49069.62,49069.62,48972.94,49008,1.82177784
2021/12/5 5:30,49008,49099.57,49008,49099.57,3.20585561
2021/12/5 5:45,49286.22,49308.08,49280.27,49298.22,0.58
2021/12/5 6:00,49336.45,49477.78,49307.32,49477.78,2.52727909
2021/12/5 6:15,49457.43,49477.78,49411.41,49477.78,4.737036
2021/12/5 6:30,49357.57,49530.14,49357.57,49530.14,6.35106496
2021/12/5 6:45,49565.09,49565.09,49365.4,49480.63,2.076093
2021/12/5 7:00,49490.08,49666.96,49490.08,49605.96,4.88088
2021/12/5 7:15,49560.31,49711.7,49560.31,49675.95,1.97083
2021/12/5 7:30,49685.89,49704.23,49605.56,49655.87,2.06332266
2021/12/5 7:45,49655.87,49655.87,49555.9,49569.71,2.115082
2021/12/5 8:00,49529.4,49529.4,49380.81,49380.81,1.55868799
2021/12/5 8:15,49347.31,49347.31,49304.88,49304.88,0.70977028
2021/12/5 8:30,49516.79,49549.36,49421.25,49458.55,1.46853864
2021/12/5 8:45,49461.94,49563.05,49458.59,49563.05,2.89276164
2021/12/5 9:00,49563.05,49563.05,49563.05,49563.05,1.79843836
2021/12/5 9:15,49497.72,49497.72,49070.02,49070.02,3.86842867
2021/12/5 9:30,49111.75,49111.75,48866.64,48866.64,0.69
2021/12/5 9:45,49153.15,49153.15,49153.15,49153.15,0.01
2021/12/5 10:00,49320.39,49320.39,49159.24,49159.24,3.64589004
2021/12/5 10:15,49011.76,49246.07,48968.57,49170.56,1.01365795
2021/12/5 10:30,49320.39,49320.39,49291.59,49291.59,0.33500996
2021/12/5 10:45,49351.9,49485.11,49245.46,49485.11,4.32763853
2021/12/5 11:15,49336.65,49405.74,49325.39,49405.74,0.74167642
2021/12/5 11:45,49395.84,49395.84,49218.49,49218.49,0.62
2021/12/5 12:00,49217.95,49217.95,49132.14,49132.14,0.02
2021/12/5 12:15,49274.19,49282.94,49207.13,49215.94,1.87148257
2021/12/5 12:30,49624.06,49781.19,49582.41,49582.41,1.41170994
2021/12/5 12:45,49500.81,49627.16,49495.86,49627.16,0.0568
2021/12/5 13:00,49550.5,49550.5,49527.86,49527.87,0.48053118
2021/12/5 13:15,49464.81,49464.81,49353,49353,0.6203
2021/12/5 13:30,49307.95,49307.95,49295.45,49295.45,0.0534
2021/12/5 13:45,49452.58,49452.58,49451.77,49451.77,0.11104165
2021/12/5 14:15,49372.68,49372.68,48890.04,48947.51,6.16270418
2021/12/5 14:30,49061.86,49198.57,48911.76,49093.8,1.53241961
2021/12/5 14:45,49111.4,49111.4,49059.67,49059.67,0.2234
2021/12/5 15:00,49027.82,49027.82,49027.82,49027.82,0.01
2021/12/5 15:15,49040.48,49040.48,48630.07,48630.07,1.8466
2021/12/5 15:30,48484.18,48694.49,48484.18,48548.41,0.03
2021/12/5 15:45,48475.64,48475.64,47846.85,48084.86,10.63741807
2021/12/5 16:00,47955.03,48025.81,47869.41,47993.57,0.64219659
2021/12/5 16:15,48113.97,48743.99,48113.97,48720.19,10.84516801
2021/12/5 16:30,48749.34,48749.35,48352.66,48352.66,1.82436613
2021/12/5 16:45,48352.66,48397.97,48233.12,48397.97,6.07311777
2021/12/5 17:00,48563.29,48756.32,48563.29,48593.64,9.36360393
2021/12/5 17:15,48557.48,48663.92,48490.73,48663.67,2.14601575
2021/12/5 17:30,48680.46,49070.57,48680.46,49070.57,11.66116165
2021/12/5 17:45,49111.76,49326.08,49087.12,49262.87,11.50529656
2021/12/5 18:00,49262.87,49345.69,49167.9,49300.18,8.83424887
2021/12/5 18:15,49334.53,49363.91,49248.85,49248.85,4.23205522
2021/12/5 18:30,49292.6,49349.21,49150.64,49150.64,5.94454062
2021/12/5 18:45,49274.92,49349.21,49274.92,49349.21,2.95797421
2021/12/5 19:00,49213.28,49213.28,49213.28,49213.28,0.01
2021/12/5 19:15,49150.64,49150.64,48659.04,48659.04,1.6938364
2021/12/5 19:30,48513.06,48525.04,48428.89,48525.04,0.14613664
2021/12/5 19:45,48544.1,48764.31,48544.1,48764.31,2.433441
2021/12/5 20:00,48958.59,49218.54,48767.76,48839.69,7.67260664
2021/12/5 20:30,48928.03,48928.03,48884.61,48884.61,0.07501096
2021/12/5 20:45,48738.17,48738.17,48734.78,48734.78,0.32066665
2021/12/5 21:15,48964.21,48964.21,48767.79,48779.49,3.61841338
2021/12/5 21:30,48633.15,48958.77,48592.58,48958.77,10.28386988
2021/12/5 21:45,48881.23,49105.35,48881.23,49105.35,2.43154475
2021/12/5 22:00,49134.87,49134.87,49134.87,49134.87,0.6
2021/12/5 22:15,49140.25,49161.08,49015.29,49015.29,5.63771912
2021/12/5 22:30,49032.78,49246.98,49030.18,49246.98,7.65967221
2021/12/5 22:45,49246.98,49246.98,48960.41,48976.14,1.9371382
2021/12/5 23:00,49018.73,49277.61,49018.73,49277.61,4.49233701
2021/12/5 23:15,49304.7,49557.67,49199.45,49557.67,9.14455982
2021/12/5 23:30,49449.41,49464.13,49115.34,49115.34,3.1698632
2021/12/5 23:45,49208.73,49372.99,49094.37,49335.76,4.10261492
2021/12/6 0:00,49270.97,49440.15,49198.3,49440.15,0.2628
2021/12/6 0:15,49440.15,49440.15,48943.14,48943.14,5.41494907
2021/12/6 0:30,48943.14,49055.1,48720.92,48720.92,6.62749628
2021/12/6 0:45,48748.01,48863.8,48653.68,48659.3,3.22659617
2021/12/6 1:00,48786.28,48815.51,48567.15,48803.37,7.0989673
2021/12/6 1:15,48764.17,48939.13,48764.17,48936.69,7.35258539
2021/12/6 1:30,48817.38,48817.38,48501.54,48501.54,7.92247143
2021/12/6 1:45,48501.54,48588.63,48389.26,48405.08,1.71259317
2021/12/6 2:00,48547.38,48588.63,48540.19,48588.63,2.6003
2021/12/6 2:30,48971.27,49049.25,48926.35,48934.23,1.955057
2021/12/6 2:45,48877.35,48877.35,48849.1,48849.23,1.09
2021/12/6 4:00,49162.85,49162.85,49120.46,49120.46,0.61
2021/12/6 4:30,49259.44,49259.44,49242.76,49242.76,0.10491572
2021/12/6 4:45,49286.46,49286.46,49207.8,49207.8,0.05629223
2021/12/6 5:00,49060.18,49060.18,49022.18,49022.18,0.01101
2021/12/6 5:15,49012.98,49012.98,48968.81,48968.81,0.02